iclaimsNSA,michigan.unemployment,idaho.unemployment,pennsylvania.unemployment,unemployment.filing,new.jersey.unemployment,department.of.unemployment,illinois.unemployment,rhode.island.unemployment,unemployment.office,filing.unemployment
2.536,1.488,-0.561,1.773,0.909,2.021,1.64,0.3,1.75,0.498,0.073
0.882,1.1,-0.992,0.9,0.148,1.28,1.014,0.18,-0.011,0.264,0.584
-0.077,1.155,-1.212,1.477,0.21,1.08,1.009,0.119,-0.028,0.031,0.448
0.135,0.53,-1.034,1.244,-0.308,1.067,0.734,0.727,-0.23,-0.143,-0.269
0.373,0.698,-1.195,0.643,0.57,1.125,0.502,0.598,0.625,-0.219,-1.006
-0.437,0.441,-1.386,0.049,-0.182,0.615,-0.226,-0.199,-0.401,-0.526,-1.124
-0.556,0.405,-0.844,0.198,-0.553,0.784,-0.518,-0.245,-0.976,-0.699,-0.504
-0.432,-0.016,-1.001,-0.401,-0.339,-0.163,-0.55,-0.871,-1.236,-0.884,-1.254
-0.46,0.271,-1.234,0.252,-0.666,0.321,-0.558,-0.359,-0.555,-0.778,-2.114
-0.698,-0.357,-1.269,-1.189,-1.911,-0.645,-1.468,-1.116,0.156,-1.182,-2.958
-0.765,-0.006,-1.326,0.242,0.175,-0.185,-0.912,-0.276,0.158,-0.917,-0.939
-0.833,-0.647,-2.124,-0.71,-0.14,-1.235,-1.924,-0.978,-0.572,-1.158,-1.758
-0.767,-0.282,-1.615,-0.489,-0.556,0.879,-0.593,-0.444,-1.992,-0.898,-0.831
-0.356,-0.503,-1.035,-0.201,-0.367,-0.34,-0.331,-0.397,-0.897,-0.844,-0.425
-0.496,-0.998,-1.356,-0.717,-0.514,-0.806,-1.27,-0.669,-0.338,-1.145,-1.21
-0.684,-0.618,-1.06,-0.012,-0.93,-0.093,-1.162,-0.805,-0.373,-1.04,-0.868
-0.953,-0.547,-1.437,0.007,-0.302,0.221,-1.277,-0.504,-0.512,-0.898,-1.441
-0.869,-0.403,-1.36,-0.386,-0.129,0.001,-1.214,-0.636,0.065,-1.069,-0.929
-0.831,-0.691,-1.553,-0.002,-0.348,-0.775,-0.428,-0.626,-0.489,-0.858,-1.033
-0.858,-0.793,-1.302,-0.401,-0.565,0.159,-0.657,-0.855,-0.629,-0.983,-0.942
-0.769,-0.654,-1.332,-0.052,-0.432,-0.134,-0.674,-0.562,0.569,-0.953,-1.054
-0.732,-0.78,-1.362,-0.518,-0.748,0.309,-0.366,-0.668,-0.649,-0.55,-1.276
-0.682,-0.575,-1.459,-0.39,0.024,-0.416,0.034,-0.693,-0.846,-0.701,-0.941
-0.606,-0.575,-1.522,0.589,-0.189,-0.206,-0.129,-0.681,0.457,-0.443,-0.218
-0.639,-0.792,-1.255,0.036,-0.19,1.17,-0.284,-0.483,0.024,-0.672,-1.335
-0.363,-0.189,-1.096,-0.005,-0.299,0.858,-0.292,0.131,-0.958,-0.453,0.058
0.473,0.56,-1.211,-0.024,-0.496,0.281,-0.508,-0.297,-0.025,-0.449,-0.401
0.03,0.045,-1.113,-0.113,0.441,0.599,0.283,-0.385,-0.316,-0.472,-0.597
-0.688,-0.233,-1.157,-0.408,-0.539,-0.102,-0.729,-0.575,-0.742,-0.585,-0.609
-0.963,-0.209,-1.211,-0.113,0.134,-0.288,-0.388,-0.535,-0.166,-0.524,-0.88
-0.879,-0.23,-1.22,-0.617,-0.03,-0.503,-0.464,-0.607,0.652,-0.326,-0.605
-1.132,-0.757,-1.427,-0.291,0.29,-0.05,-0.213,-0.851,-1.309,-0.798,-0.841
-1.031,-0.429,-1.555,-0.586,-0.283,0.264,0.132,-0.702,-0.767,-0.718,-0.369
-1.014,-0.342,-1.204,0.107,-0.195,-0.059,-0.043,-0.743,-0.671,-0.577,-0.632
-1.026,-0.819,-1.208,-0.056,-0.133,0.521,-0.828,-0.767,0.112,-0.828,0.007
-1.242,-0.724,-1.386,-0.443,-0.259,-0.437,-0.803,-0.989,-0.535,-0.737,-1.559
-1.018,-0.484,-1.163,-0.257,-0.645,-0.068,-0.975,-0.767,-0.896,-1.042,-1.585
-0.957,-0.74,-1.053,-0.52,-0.712,-0.691,-1.082,-0.695,-0.778,-0.71,-0.734
-0.985,-0.98,-0.788,-0.549,-0.602,-0.249,-0.777,-0.886,-1.033,-1.022,-1.522
-0.463,-0.43,-0.495,-0.205,-0.779,-0.413,-0.583,-0.718,-0.42,-0.628,-0.998
-0.983,-0.954,-0.712,-0.778,-1.309,-0.534,-1.448,-0.725,-0.978,-1.014,-0.917
-0.649,-0.58,-0.924,-0.412,-0.872,-0.5,-0.414,-0.609,-0.581,-0.946,-1.054
-0.756,-0.683,-1.117,-0.932,-0.854,-0.543,-0.748,-0.624,-0.5,-1.093,-0.283
-0.35,-0.556,-0.637,-0.584,-0.602,-0.275,-0.009,-0.576,-0.161,-0.848,-0.137
-0.7,-0.725,-1.322,-0.458,-0.563,-0.604,-1.213,-1.164,-0.955,-1.357,-0.888
-0.31,-0.12,-0.726,-0.343,0.199,-0.749,-0.74,-0.825,-0.944,-0.967,-0.006
-0.622,-0.666,-0.806,-0.756,-1.138,-0.947,-0.938,-1.363,-1.181,-1.506,-1.339
0.73,-0.282,-1.019,-0.001,0.057,-0.366,-0.774,-0.511,-1.127,-0.792,-0.368
-0.181,-0.145,-0.585,-0.052,-0.521,0.253,-1.157,-0.939,-0.388,-1.062,-0.547
-0.144,-0.12,-0.496,-0.414,-1.088,-0.251,-0.27,-0.856,-1.313,-1.161,0.15
0.492,0.471,-0.66,-0.086,-0.421,0.082,-0.607,-1.107,-0.559,-1.404,-1.646
1.325,0.872,0.062,0.481,0.931,0.901,0.192,-0.729,0.894,-0.754,1.107
2.677,0.976,-0.003,0.824,-0.089,1.725,1.157,-0.589,0.133,0.007,-0.115
0.679,0.446,0.231,0.098,0.241,-0.445,0.71,-0.014,0.182,-0.465,-1.062
-0.269,0.248,-0.142,0.174,-0.558,-0.123,0.464,-0.38,1.236,-0.552,-1.051
-0.233,-0.319,-0.867,0.334,-0.348,0.285,0.942,-0.16,-0.488,-0.65,-0.769
-0.386,-0.194,-0.822,0.523,-0.297,-0.198,0.566,-0.566,-0.289,-0.596,-0.559
-0.723,-0.357,-0.564,-0.391,-0.318,-0.531,-0.524,-0.98,0.578,-0.948,-0.87
-0.771,-0.76,-1.113,-0.178,-0.882,-0.446,-0.228,-0.477,-0.705,-1.199,-0.517
-0.886,-0.611,-1.163,0.186,-0.325,-0.43,-0.4,-0.976,-0.576,-0.927,-1.577
-0.521,-0.408,-0.842,-0.265,-0.271,-0.197,-0.273,-0.835,-0.02,-0.953,-1.013
-0.742,-0.356,-0.773,-0.453,-1.003,-0.018,-0.495,-1.059,-1.119,-1.027,-0.908
-0.887,-0.375,-0.896,-0.131,-0.333,-0.948,-0.067,-0.884,-0.131,-0.935,-0.543
-0.881,-0.712,-0.73,-0.234,-0.551,-0.667,-0.835,-0.976,-0.926,-1.215,-0.228
-0.849,-0.622,-0.521,0.035,-0.066,-0.592,-0.413,-0.907,-0.649,-0.954,-1.269
-0.454,-0.946,-0.947,-0.377,-0.515,-1.16,-0.684,-1.177,-0.799,-1.263,-1.382
-0.932,-0.264,-0.728,-0.175,-0.247,-0.766,-0.547,-0.619,-0.44,-1.082,-0.976
-0.806,-0.285,-1.136,-0.182,-0.452,-1.108,-0.942,-1.039,-0.734,-1.164,-0.573
-0.886,-0.681,-0.487,-0.465,-0.801,-0.588,-0.868,-0.694,-0.693,-1.036,-0.866
-0.828,-0.673,-0.912,-0.598,-0.263,-0.426,-0.827,-1.038,-1.153,-1.186,-1.448
-1.021,-0.947,-0.603,-0.284,-0.597,-0.936,-0.811,-0.972,-0.026,-1.059,-0.584
-1.01,-0.721,-1.157,-0.564,-0.632,-0.379,-1.07,-1.061,-0.856,-1.003,-0.424
-0.767,-0.85,-0.768,-0.52,-0.393,-0.238,-0.61,-1.139,-0.921,-0.94,-0.557
-0.894,-0.416,-0.517,-0.242,-0.271,-0.469,-0.376,-0.866,-0.77,-0.791,-0.592
-0.664,-0.796,-1,-0.716,-0.4,-0.229,-0.27,-0.731,-0.829,-0.93,-0.979
-0.895,-0.566,-0.838,-0.104,-0.574,-0.658,0.661,-0.903,0.68,-0.803,-0.449
-0.923,-0.507,-1.339,-0.088,0.004,-0.06,-0.917,-0.843,-0.001,-0.791,-0.434
-0.564,-0.283,-0.632,-0.122,-0.345,0.453,0.207,-1.016,0.218,-0.51,0.155
0.321,0.07,-0.826,0.178,-0.243,0.657,0.134,-0.431,-0.025,-0.758,-0.989
-0.145,-0.311,-1.027,-0.277,0.35,-0.181,0.129,-0.765,-0.763,-0.482,-0.493
-0.849,-0.439,-1.159,-0.259,-0.093,-0.559,0.028,-0.896,-0.29,-0.759,-0.427
-1.142,-0.387,-1.118,-0.359,-0.051,-0.195,0.459,-0.677,-1.144,-0.715,-0.172
-1.072,-0.422,-1.429,-0.339,-0.695,-0.862,0.204,-1.055,-0.963,-0.644,-0.98
-1.184,-0.681,-1.358,-0.46,-0.625,-0.747,0.081,-0.984,-1.076,-0.664,-1.151
-1.229,-0.754,-1.192,-0.627,-0.346,-0.007,-0.303,-0.692,-0.076,-0.814,-0.323
-1.232,-0.706,-1.192,-0.731,-0.537,-1.026,-0.355,-1.119,0.123,-1.016,-0.947
-1.056,-0.649,-0.597,-0.494,-0.293,-0.829,-0.34,-0.753,-0.214,-0.487,-0.578
-0.607,-0.869,-1.375,-0.46,-0.56,-0.427,-0.046,-0.749,-1.454,-0.303,-0.181
-0.396,-0.849,-0.904,-0.716,-0.374,-0.727,0.187,-0.854,-0.596,-0.621,-0.181
-0.872,-0.98,-1.138,-0.929,-0.127,-0.523,-1.157,-1.306,-0.521,-0.898,-1.058
-0.682,-0.677,-1.066,-0.906,-0.135,-0.493,-0.504,-1.117,-0.771,-0.746,-0.78
-0.097,-0.717,-0.939,-0.423,-0.543,-1.082,-0.625,-0.734,-1.274,-0.758,-0.879
-0.777,-0.682,-0.97,-0.303,-0.076,-0.727,-0.773,-0.966,-1.109,-0.904,-1.206
-0.763,-0.393,-0.669,-0.539,-0.281,-0.708,-0.507,-1.024,-0.66,-1.131,-1.247
-0.854,-0.436,-0.152,-0.472,-0.766,-0.886,-0.41,-0.989,-0.105,-0.996,-0.354
-0.447,-0.381,-0.822,-0.404,-0.696,-0.87,-0.222,-0.847,-0.356,-0.746,-0.434
-0.95,-0.575,-1.155,-1.072,-0.826,-0.772,-0.443,-1.022,-0.448,-1.057,-0.911
-0.196,-0.423,-0.394,-0.436,-0.71,-0.568,-0.944,-0.708,-0.576,-0.92,-0.386
-0.887,-0.627,-0.504,-0.771,-0.414,-0.693,-1.067,-0.821,-0.945,-1.355,-1.545
0.474,-0.128,-0.455,-0.4,-0.152,-1.044,-0.279,-0.553,0.053,-0.839,-0.624
0.008,-0.382,-0.218,-0.58,-0.734,-0.846,-0.618,-0.938,-0.505,-1.185,-1.063
-0.282,-0.391,-0.223,-0.382,-0.771,-1.439,-0.508,-0.993,-0.603,-1.141,-0.95
0.375,0.332,0.103,-0.61,-0.352,-0.243,-0.743,-0.702,-0.107,-1.22,-0.967
0.75,1.294,0.653,-0.203,-0.619,-0.075,0.881,-0.861,0.217,-0.837,-0.171
1.451,0.617,0.13,0.628,0.457,0.67,0.747,-0.204,0.249,-0.255,0.093
0.432,0.283,-0.221,0.19,-0.142,0.489,0.56,-0.672,-0.742,-0.532,-1.001
-0.646,-0.075,-0.616,-0.024,-0.726,-0.303,0.313,-0.412,0.081,-0.67,-0.67
-0.639,-0.099,0.25,-0.373,-0.565,-0.252,0.546,-0.657,-0.332,-0.758,-0.573
-0.614,-0.431,-0.152,-0.211,-0.688,-0.547,-0.229,-0.359,-0.293,-1.02,-0.473
-0.716,-0.437,-0.586,-0.549,-0.392,-0.875,-0.357,-0.684,-0.758,-0.883,-1.128
-1.074,-0.576,-0.512,-0.38,-0.753,-0.574,-1.364,-0.89,-0.354,-1.012,-1.02
-1.048,-0.631,-0.369,-0.07,-1.221,-1.172,-0.743,-0.86,-0.334,-1.126,-1.229
-0.788,-0.455,-0.404,-0.378,-0.583,-0.273,-0.9,-0.82,-0.331,-1.079,-0.258
-0.851,-0.489,-0.898,-0.74,-0.639,-0.845,-0.785,-0.748,-1.155,-1.132,-0.508
-1.077,-0.781,-0.827,-0.623,-0.459,-1.029,-0.631,-0.994,-0.822,-1.252,-0.761
-1.111,-0.646,-0.737,-0.852,-0.589,-1.117,-0.919,-1.014,-0.784,-1.197,-1.033
-1.212,-0.571,-0.697,-0.629,-0.812,-0.758,-0.908,-1.026,-0.647,-1.307,-1.153
-0.675,-0.649,-0.998,-0.686,-0.518,-0.768,-0.448,-0.597,-1.035,-1.042,-0.576
-1.084,-0.697,-0.948,-0.695,-0.317,-0.984,-0.442,-1.07,-0.992,-1.064,-0.704
-0.881,-0.673,-0.945,-0.769,-0.128,-0.765,-0.098,-1.192,-0.785,-1.151,-1.124
-0.984,-0.833,-1.079,-0.931,-0.643,-0.889,-1.159,-0.921,-0.741,-1.234,-0.887
-0.652,-0.667,-0.961,-1.132,-0.804,-0.769,-0.69,-1.061,-0.363,-1.216,-0.487
-0.902,-0.976,-1.162,-0.804,-0.704,-0.746,-0.897,-0.955,-0.171,-1.098,-0.526
-1.007,-0.93,-1.119,-0.507,-0.951,-0.96,-1.081,-1.011,-1.164,-1.009,-0.984
-0.869,-0.859,-0.955,-1.1,-0.843,-0.804,-1.168,-1.188,-0.865,-1.096,-0.764
-1.156,-0.757,-0.971,-0.662,-0.62,-0.602,-0.353,-0.816,-1.233,-0.909,-1.355
-0.93,-0.601,-1.068,-0.523,-0.526,-0.649,-0.149,-0.847,-0.497,-0.748,-0.852
-1.004,-0.639,-0.755,-0.76,-0.761,-0.702,-0.685,-0.951,0.354,-0.688,-0.833
-0.915,-0.812,-1.204,-0.31,-0.95,0.1,-0.077,-0.843,0.122,-0.619,-0.678
-0.764,-0.53,-0.898,-0.588,-0.264,-0.094,-0.096,-0.86,-0.011,-0.498,-0.167
0.242,0.226,-0.899,-0.591,0.091,1.297,0.3,-0.844,-0.708,-0.771,0.358
-0.123,-0.245,-1.065,-0.604,-0.099,-0.164,0.162,-0.779,-0.598,-0.407,0.122
-0.903,-0.414,-0.838,-0.509,-0.34,-0.303,-0.303,-0.863,-0.985,-0.721,-0.43
-1.159,-0.69,-0.499,-0.848,-0.319,-0.591,0.181,-0.496,-0.992,-0.652,-0.624
-1.022,-0.747,-0.824,-0.916,-0.325,-0.819,-0.417,-0.772,-0.622,-0.658,-0.108
-1.192,-0.702,-1.205,-0.843,-0.592,-0.949,-0.768,-1.033,-1.063,-0.66,-0.647
-1.226,-0.67,-0.697,-0.774,-0.569,-0.966,-0.094,-0.888,-1.377,-0.677,-0.836
-1.236,-0.875,-0.987,-0.842,-0.669,-1.085,-0.298,-1.193,-0.558,-0.851,-0.517
-1.163,-0.816,-0.637,-0.913,-0.739,-0.835,-0.518,-1.002,-0.153,-0.91,-0.744
-1.333,-0.836,-0.927,-1.133,-0.945,-0.629,-0.377,-0.938,-0.912,-0.88,-0.888
-1.096,-0.778,-0.81,-0.738,-0.558,-1.017,-0.643,-0.841,-1.087,-0.812,-1.084
-1.146,-0.746,-0.749,-0.988,-0.865,-1.108,-0.515,-1.032,-0.483,-0.897,-0.675
-1.253,-0.556,-1.006,-1.017,-0.659,-1.073,-0.64,-1.163,-1.04,-0.862,-0.552
-0.737,-0.483,-1.267,-1.148,-0.952,-0.675,-0.971,-0.82,-1.377,-0.816,-0.91
-1.054,-0.735,-1.071,-0.984,-0.616,-0.792,-0.465,-0.873,-0.442,-0.926,-0.58
-0.881,-0.488,-0.637,-0.821,-0.726,-0.772,-0.543,-1.043,-0.689,-0.758,-0.816
-0.795,-0.642,-0.626,-1.138,-0.877,-0.883,-0.552,-0.929,-1.185,-0.838,-0.836
-0.569,-0.068,-0.826,-1.035,-0.681,-0.698,-0.554,-0.882,-0.271,-0.834,-0.648
-0.927,-0.452,-0.46,-0.458,-1.128,-1.013,-1.253,-0.856,-0.953,-0.853,-1.421
-0.206,-0.282,-0.421,-0.678,-0.729,-0.972,-1.161,-0.885,-0.545,-0.697,-1.284
-0.597,-0.564,-0.612,-0.985,-0.908,-1.222,-0.864,-1.241,-1.208,-1.333,-1.088
0.512,-0.333,-0.429,-0.697,-0.577,-0.693,-0.831,-0.765,-1.055,-0.729,-1.012
-0.061,-0.295,-0.81,-0.836,-0.543,-1.137,-0.399,-0.709,-0.651,-0.7,0.225
-0.259,-0.375,-0.685,-0.957,-0.961,-1.136,-0.223,-0.921,-0.671,-0.847,-1.205
0.304,-0.063,-0.238,-0.863,-0.65,-0.934,-1.133,-0.896,-0.412,-1.007,-0.851
0.963,0.662,0.175,-0.455,-0.319,0.12,-0.31,-0.546,-0.298,-0.667,-0.113
1.017,0.636,0.485,0.255,-0.17,0.508,1.213,0.264,0.385,-0.053,0.658
1.023,0.129,0.505,-0.364,0.018,0.018,0.553,-0.31,0.01,-0.088,-0.241
-0.207,0.148,0.351,-0.187,-0.501,-0.46,0.823,-0.211,0.188,-0.218,-0.125
-0.275,0.094,-0.263,-0.157,-0.514,-0.24,0.792,-0.306,-0.011,-0.294,-0.367
-0.46,-0.325,-0.195,-0.566,-0.495,-0.506,0.556,0.169,-0.653,-0.482,-0.519
-0.248,-0.394,-0.327,-0.693,-0.809,-0.658,-0.284,-0.539,-0.149,-0.495,-0.232
-0.752,-0.742,-0.471,-0.775,-0.902,-1.066,-0.085,-0.526,-0.512,-0.743,-1.036
-0.814,-0.694,-0.543,-0.676,-0.868,-0.957,-0.539,-0.789,-0.826,-0.781,-1.019
-0.626,-0.606,-0.237,-0.881,-0.667,-0.762,-0.236,-0.591,-0.953,-0.658,-0.635
-0.814,-0.653,-0.983,-0.884,-0.823,-1.225,-0.517,-0.65,-0.672,-0.742,-0.746
-1.006,-0.87,-0.811,-0.831,-1.019,-0.911,-0.835,-0.76,-0.647,-0.86,-0.705
-1.04,-0.719,-0.521,-0.595,-0.601,-1.13,-0.105,-0.836,-0.452,-0.899,-1.314
-1.086,-0.584,-0.864,-0.794,-0.572,-1.152,-0.426,-0.856,-0.888,-0.768,-0.755
-0.555,-0.708,-0.557,-0.837,-0.62,-0.758,-0.458,-0.964,-0.961,-0.712,-0.482
-0.646,-0.779,-0.671,-0.8,-0.742,-0.957,-0.399,-0.724,-0.714,-0.764,-1.25
-0.77,-0.892,-0.735,-1.031,-0.565,-1.185,-0.617,-0.896,-0.563,-0.835,-0.788
-1.091,-0.802,-0.752,-1.061,-0.65,-1.096,-0.466,-0.917,-0.757,-0.889,-0.783
-1.028,-0.93,-1.136,-1.27,-0.714,-1.202,-0.851,-0.922,-0.906,-0.801,-1.092
-1.172,-0.964,-0.817,-1.265,-0.936,-1.153,-0.907,-1.055,-0.627,-0.794,-0.314
-1.066,-1.036,-1.01,-1.018,-0.707,-1.138,-0.685,-0.989,-0.687,-0.81,-0.971
-1.04,-0.92,-1.123,-1.057,-0.678,-1.699,-0.647,-1.004,-1.129,-0.842,-1.104
-1.127,-0.995,-0.949,-0.905,-1.034,-1.056,-0.933,-0.967,-0.437,-0.54,-0.549
-0.784,-0.811,-1.114,-0.847,-0.38,-1.23,-0.35,-0.865,-0.541,-0.377,-0.012
-0.885,-0.948,-0.969,-0.802,-0.548,-0.901,-0.413,-0.826,-0.348,-0.381,-0.454
-0.87,-0.736,-1.006,-1.036,-0.896,-1.097,-0.717,-0.735,-0.765,-0.34,-0.75
-0.802,-0.585,-1.045,-0.624,-0.591,-0.558,0.087,-0.681,-0.485,-0.158,-0.926
0.235,-0.204,-0.988,-0.23,-0.543,-0.665,0.066,-1.001,-0.284,-0.347,-0.422
-0.064,-0.627,-0.887,-0.523,-0.723,-0.744,-0.543,-0.758,-0.511,-0.267,-0.335
-0.819,-0.736,-0.829,-0.817,-0.549,-0.646,0.057,-0.914,-0.724,-0.193,-0.457
-1.181,-0.924,-1.148,-1.036,-0.512,-0.995,-0.422,-0.922,-0.562,-0.393,-0.499
-1.065,-0.788,-0.8,-0.912,-0.406,-1.247,-0.377,-0.99,-0.398,-0.298,-0.062
-1.102,-0.954,-1.064,-1.106,-0.789,-1.315,-0.829,-0.887,-1.162,-0.404,-0.882
-1.18,-0.961,-0.862,-0.977,-0.947,-1.156,0.148,-1.072,-0.55,-0.396,-0.462
-1.104,-0.983,-0.72,-1.193,-0.8,-0.981,-0.274,-1.003,-0.42,-0.394,-0.658
-1.181,-0.943,-0.95,-1.064,-0.829,-1.124,-0.535,-0.912,-0.564,-0.52,-0.027
-1.286,-0.967,-1.104,-0.984,-1.086,-1.467,-0.698,-0.948,-0.527,-0.531,-1.01
-1.141,-1.075,-1.008,-1.139,-0.82,-1.156,-1.069,-0.979,-0.618,-0.549,-0.539
-1.268,-1.129,-0.754,-0.957,-0.908,-1.217,-0.828,-1.075,-0.479,-0.588,-1.04
-1.199,-0.75,-0.931,-1.082,-1.066,-1.299,-1.062,-0.985,-0.896,-0.642,-0.908
-0.82,-0.947,-0.537,-1.243,-0.661,-1.102,-0.913,-0.815,-0.602,-0.493,-0.523
-0.747,-0.801,-0.469,-0.85,-0.8,-1.266,-0.82,-0.851,-0.529,-0.576,-1.188
-0.737,-0.838,-0.522,-1.025,-0.652,-1.362,-0.919,-1.074,-0.56,-0.58,-0.553
-0.775,-1.035,-0.598,-0.921,-0.859,-1.329,-0.919,-1.117,-0.8,-0.635,-0.667
-0.576,-0.805,-0.754,-0.953,-0.703,-1.058,-0.882,-0.941,-0.295,-0.579,-0.412
-0.347,-0.734,-0.435,-0.938,-0.891,-0.92,-1.022,-0.749,-0.208,-0.516,-0.445
-0.6,-0.786,-0.099,-0.916,-0.615,-0.805,-0.655,-0.987,-0.844,-0.396,-0.255
-0.592,-1.152,-0.215,-0.907,-0.779,-1.388,-1.309,-1.084,-0.944,-1.015,-0.998
0.636,-0.723,0.179,-0.85,-0.543,-1.096,-0.695,-0.698,-0.609,-0.249,-0.724
0.284,-0.607,-0.424,-0.905,-0.607,-1.354,-0.621,-0.752,-0.839,-0.306,-0.402
0.018,-0.744,-0.146,-0.775,-0.589,-1.353,-0.624,-0.753,-0.583,-0.571,0.116
0.577,-0.536,0.332,-0.85,-0.605,-0.637,-0.183,-0.761,0.034,-0.492,0.002
1.033,-0.122,1.377,-0.614,-0.204,-0.659,0.309,-0.817,0.321,-0.585,-0.188
1.164,0.012,0.908,0.781,-0.133,-0.007,1.015,-0.331,1.312,0.258,0.519
1.387,-0.03,0.71,0.104,0.234,-0.39,0.332,-0.393,0.395,0.576,0.598
0.216,-0.174,0.541,-0.316,-0.281,-0.217,0.492,-0.403,0.244,0.255,0.145
-0.19,-0.3,0.749,-0.146,-0.105,-0.341,0.222,-0.288,0.755,0.229,0.166
-0.095,-0.502,0.336,-0.286,-0.069,-0.518,0.164,-0.378,-0.171,0.118,0.477
-0.119,-0.647,0.129,-0.748,-0.224,-1.103,-0.404,-0.603,-0.451,0.079,0.483
-0.576,-0.819,0.117,-0.695,-0.477,-1.099,-0.512,-0.72,-0.679,-0.261,0.072
-0.539,-0.846,0.247,-0.614,-0.457,-1.234,-0.929,-0.763,-0.463,-0.369,-0.461
-0.404,-0.903,-0.193,-0.763,-0.721,-1.039,-0.473,-0.824,-0.412,-0.353,-0.255
-0.439,-0.762,-0.003,-0.81,-0.222,-1.13,-0.755,-0.759,-0.801,-0.32,-0.261
-0.487,-0.773,-0.054,-0.796,-0.761,-1.182,-0.926,-0.884,-0.506,-0.37,-0.329
-0.661,-1.053,0.066,-0.839,-0.388,-0.963,-0.855,-0.971,-0.312,-0.493,-0.139
-0.432,-0.86,-0.056,-0.552,-0.35,-0.877,-0.947,-0.957,-0.639,-0.428,0.063
-0.299,-0.811,-0.124,-0.552,-0.12,-0.998,-0.626,-0.81,-0.588,-0.114,0.526
-0.177,-0.836,-0.088,-0.74,-0.214,-0.683,-0.392,-0.627,-0.776,-0.308,0.289
-0.554,-0.893,-0.061,-0.517,-0.229,-1.015,-0.687,-0.824,-0.652,-0.391,0.149
-0.47,-0.813,-0.149,-0.836,-0.156,-1.178,-0.548,-0.762,-0.855,-0.405,0.153
-0.491,-1.031,-0.251,-0.728,-0.197,-1.168,-1.114,-0.683,-0.872,-0.42,0.492
-0.579,-0.98,-0.351,-1.047,-0.515,-1.426,-1.205,-1.03,-0.536,-0.412,-0.2
-0.63,-0.757,-0.627,-0.78,-0.32,-1.11,-1.218,-1.003,-1.145,-0.386,-0.251
-0.569,-0.897,-0.6,-0.953,-0.448,-1.3,-0.944,-0.943,-0.853,-0.334,-0.102
-0.796,-0.894,-0.595,-0.592,-0.326,-1.537,-1.095,-0.991,-0.432,-0.495,-0.248
-0.159,-0.785,-0.314,-0.542,0.184,-0.9,-0.915,-0.717,-0.307,-0.182,0.696
-0.369,-0.792,-0.306,-0.493,0.161,-1.095,-0.415,-0.89,-0.12,-0.138,0.631
-0.291,-0.232,-0.257,-0.385,0.342,-0.402,-0.404,-0.522,0.227,-0.071,0.51
-0.199,-0.327,-0.188,-0.499,0.006,-0.513,-0.42,-0.46,0.455,0.121,1.024
0.094,0.463,-0.248,0.226,0.521,0.231,0.351,-0.265,0.253,0.125,1.207
0.752,0.221,-0.376,-0.106,1.14,0.397,0.504,-0.221,0.145,0.603,1.272
0.111,0.271,-0.263,-0.093,0.873,0.091,0.165,-0.412,-0.24,0.779,0.767
-0.149,0.308,-0.094,-0.079,0.674,0.005,0.936,-0.192,-0.557,0.673,1.345
-0.081,-0.17,0.008,-0.15,0.717,0.155,0.872,-0.296,-0.34,0.824,1.255
-0.161,-0.439,-0.129,-0.295,0.582,-0.161,0.677,-0.689,0.007,0.594,0.632
-0.432,-0.694,0.095,-0.418,0.383,-0.271,0.112,-0.374,-0.167,0.396,0.618
-0.413,-0.511,-0.053,-0.031,0.852,-0.159,0.154,-0.449,0.075,0.461,1.317
-0.27,-0.753,-0.269,0.228,0.723,-0.201,0.014,-0.618,-0.693,0.456,0.818
-0.485,-0.344,-0.07,0.019,1.094,-0.049,-0.185,-0.263,-0.474,0.6,1.432
-0.082,-0.494,-0.338,0.2,0.483,-0.028,-0.222,-0.489,-0.295,0.768,0.414
0.058,-0.429,-0.13,-0.297,0.9,0.106,-0.267,-0.474,-0.663,0.637,0.698
0.01,-0.451,0.161,-0.128,1.086,-0.129,-0.19,-0.44,0.031,0.748,1.699
0.316,-0.172,0.462,0.046,1.39,0.139,0.022,-0.291,0.434,0.975,1.093
0.558,-0.115,1.105,0.023,0.617,-0.029,0.097,-0.265,0.837,1.029,1.359
0.222,-0.097,0.595,0.605,0.979,0.365,0.107,0.262,0.386,1.183,1.335
0.516,0.136,0.459,0.51,1.627,0.26,0.249,0.129,1.559,1.256,1.773
0.666,0.177,0.705,0.362,1.557,0.515,0.259,0.446,1.422,1.057,0.853
1.316,0.422,0.502,0.536,1.623,0.931,0.744,0.596,1.438,1.318,2.086
1.079,0.771,1.667,1.132,1.661,1.101,1.027,0.957,1.458,1.868,2.611
1.928,2.101,2.69,2.534,2.12,3.04,1.808,2.053,3.468,2.101,2.729
1.293,1.196,1.749,1.664,1.915,1.674,1.12,0.77,1.573,1.131,1.258
3.267,2.281,2.008,2.728,2.847,2.755,2.146,1.861,2.304,3.096,2.283
2.112,2.128,1.664,2.024,2.832,2.19,1.439,2.157,2.528,2.633,1.827
2.906,2.474,2.648,2.375,3.541,2.459,1.907,1.831,2.952,2.341,2.382
2.882,3.984,2.331,1.955,3.993,2.539,2.49,1.252,3.099,1.234,1.456
3.014,3.179,2.967,3.427,5.114,3.026,4.255,1.921,4.234,2.757,1.826
5.002,5.006,3.323,3.861,5.825,3.544,4.578,3.063,4.076,4.904,4.532
3.298,3.335,2.902,3.064,4.548,3.114,3.337,2.371,3.949,3.735,3.48
2.026,4.25,2.717,3.43,4.266,2.788,3.179,2.39,4.235,3.257,2.656
2.574,3.094,3.029,2.458,4.118,2.792,3.108,3.303,5.128,3.111,3.35
2.822,2.535,2.124,1.975,4.1,2.508,2.673,2.795,3.609,2.96,3.292
2.024,1.772,2.07,1.75,3.799,1.829,1.937,2.146,2.915,2.057,2.678
1.898,2.315,2.027,1.854,2.999,2.155,2.602,2.818,2.688,2.269,2.569
2.253,1.9,2.272,2.263,3.053,2.298,1.831,2.71,3.207,2.375,2.959
2.313,2.54,2.49,2.232,2.584,2.28,2.376,2.966,3.828,2.624,3.114
1.858,1.59,1.763,2.054,2.011,2.406,1.652,2.115,2.899,2.198,2.764
1.76,1.771,2.139,1.795,1.901,1.553,2.059,2.063,2.067,1.948,2.385
1.841,1.59,2.029,1.867,2.188,1.559,1.631,1.699,1.705,1.844,2.71
2.054,2.054,1.863,1.767,2.524,1.539,2.167,2.551,1.547,2.329,2.298
1.941,1.496,2.097,1.422,1.804,1.63,1.685,1.813,1.21,2.009,2.62
1.817,2.072,1.901,1.728,2.223,1.374,1.604,2.219,1.018,1.988,2.021
1.701,1.636,2.097,1.373,1.873,1.181,1.957,1.605,0.947,1.704,1.55
1.288,1.771,1.541,1.028,1.546,0.834,1.296,1.326,0.306,1.638,1.688
1.586,3.024,1.375,1.175,0.981,0.792,1.318,1.426,0.064,1.604,1.27
1.325,1.961,1.113,1.395,1.246,1.503,1.209,1.466,-0.004,1.759,1.435
1.302,1.931,0.698,1.31,1.381,1.129,1.166,1.3,0.439,1.766,1.124
0.967,1.732,0.682,1.679,1.504,1.328,1.393,1.013,0.606,1.897,1.916
1.681,2.15,0.165,1.789,1.162,1.297,1.546,1.477,0.418,2.308,1.502
1.516,1.94,0.946,1.589,1.32,1.375,1.732,1.387,0.523,2.23,1.44
1.604,2.491,1.325,1.526,1.379,1.824,1.3,1.909,1.249,2.543,1.607
1.524,2.154,0.812,1.831,1.822,1.81,1.721,1.518,1.413,2.288,1.96
1.724,2.831,0.896,2.1,2.134,1.792,2.265,1.875,1.533,2.42,2.159
2.529,2.281,1.263,2.173,1.359,1.899,1.958,1.765,1.024,2.679,1.068
1.766,2.772,1.073,1.562,1.743,1.802,2.72,1.822,1.951,2.618,1.752
1.108,1.947,1.419,2.028,1.218,1.376,2.07,1.716,1.173,2.315,1.162
0.707,1.478,0.657,1.783,1.261,0.858,2.626,1.644,1.185,2.203,0.785
0.845,1.477,0.636,2.404,1.723,1.85,1.683,1.601,1.235,2.454,1.149
0.626,0.999,0.537,1.775,1.01,1.281,1.787,1.223,0.565,2.228,1.317
0.619,1.477,0.464,1.482,0.857,1.499,1.337,1.439,1.058,2.119,0.695
0.615,1.271,0.738,1.159,1.039,1.005,1.243,1.933,0.723,2.053,0.791
0.699,1.407,0.378,1.222,1.144,1.375,1.048,1.395,0.906,1.98,1.22
0.208,0.997,0.563,1.34,0.524,1.416,1.278,1.08,0.792,1.653,1.06
0.445,1.296,0.427,1.254,0.69,1.71,0.89,1.033,0.315,1.282,0.858
0.518,1.316,0.757,2.422,0.791,1.883,0.924,1.481,0.956,0.704,0.776
0.577,1.271,0.67,1.472,0.546,1.32,0.925,1.017,0.074,0.756,0.844
1.086,1.16,0.563,1.061,0.443,1.424,1.122,1.19,0.272,0.667,0.557
0.654,1.113,1.537,1.358,0.875,0.788,1.192,1.079,0.765,0.7,0.817
0.958,1.171,1.11,0.953,0.854,1.065,0.832,0.927,0.845,0.622,0.646
0.855,0.974,1.365,1.116,0.685,0.865,1.043,0.899,0.202,0.311,0.133
1.293,2.262,1.607,1.528,0.722,2.245,0.891,1.768,1.551,0.82,0.698
0.781,1.909,1.441,1.942,1.192,1.669,1.579,1.526,1.475,0.777,1.02
1.379,1.582,1.423,0.871,1.042,1.154,1.366,1.29,1.019,0.684,1.646
0.628,1.472,1.037,0.963,0.511,0.735,1.099,0.693,0.798,-0.182,0.638
2.494,1.614,1.618,3.641,1.857,1.184,1.831,1.398,0.702,1.016,0.938
1.509,1.056,1.45,1.325,0.611,0.847,0.84,0.99,1.211,0.696,0.409
1.595,1.315,2.047,1.315,0.721,0.472,1.73,1.162,1.433,0.55,1.167
1.51,1.996,1.884,5.468,1.334,1.065,1.524,1.076,1.61,-0.096,1.285
2.301,1.986,1.72,4.041,1.691,2.848,2.264,1.662,2.268,0.746,1.944
3.845,2.181,2.609,3.694,2.057,3.171,3.205,3.123,2.666,2.056,2.865
2.371,1.592,2.442,2.977,1.998,1.558,2.243,1.716,1.779,1.554,2.17
1.031,1.783,3.002,2.331,1.883,2.188,2.55,1.806,2.344,1.235,1.365
1.305,1.292,2.183,1.814,1.205,1.207,2.411,2.42,2.256,1.074,1.345
1.074,0.903,1.341,1.39,0.805,1.118,1.478,1.308,1.717,0.527,0.865
0.805,0.517,0.738,0.782,0.609,0.453,1.365,0.988,1.471,0.226,0.62
0.594,1.137,0.953,1.301,0.676,1.516,1.199,1.185,1.923,0.419,0.364
0.74,1.521,0.532,0.804,0.431,0.938,0.982,0.835,2.085,0.079,0.866
0.634,2.118,0.47,1.217,0.611,1.623,1.164,2.34,1.365,0.246,0.492
0.425,0.738,0.974,1.021,0.537,1.116,0.588,1.219,1.656,0.111,-0.047
0.195,0.481,0.108,1.002,0.526,0.691,0.444,0.826,1.357,-0.059,-0.01
0.192,0.406,0.4,0.738,0.142,0.508,0.09,0.691,1.469,-0.198,0.02
0.266,0.522,0.14,0.847,0.523,0.66,1.093,0.636,1.768,-0.213,0.494
1.089,0.527,0.519,1.196,0.33,1.04,0.555,0.757,1.319,0.009,0.582
0.405,1.201,0.235,0.993,0.145,1.171,0.952,1.003,1.158,-0.066,0.687
0.338,0.566,0.369,0.453,0.025,0.497,0.765,0.703,0.91,-0.284,-0.158
0.074,0.183,0.169,0.185,0.093,0.495,0.299,0.399,0.616,-0.402,-0.21
0.206,0.192,0.071,0.112,-0.343,0.39,0.176,0.128,0.17,-0.248,-0.197
0.208,0.263,-0.088,0.061,-0.308,0.119,0.141,0.276,0.441,-0.333,-0.022
0.175,0.177,0.13,0.12,-0.241,0.064,0.359,0.287,0.23,-0.338,-0.236
0.246,0.179,0.34,0.253,-0.435,0.063,0.064,0.485,0.425,-0.338,0.341
0.069,0.509,0.527,0.374,0.19,0.506,0.583,0.617,0.198,-0.229,0.421
0.506,0.541,0.066,0.347,0.141,0.189,0.482,0.878,0.317,0.063,0.487
0.319,0.745,0.351,0.809,-0.054,0.57,1.068,0.599,0.483,-0.002,1.085
0.475,1.048,0.233,0.861,0.295,1.51,1.153,1.128,0.256,0.25,0.725
0.702,1.423,0.413,0.969,0.181,2.239,0.93,1.189,0.447,0.353,1.234
1.105,0.752,0.161,0.453,0.201,0.623,0.862,0.78,0.017,0.264,0.429
0.982,0.93,0.145,0.383,0.219,0.716,0.68,1.324,0.719,0.486,0.169
0.2,1.92,0.5,1.923,0.243,1.364,2.066,3.132,0.771,1.022,0.829
0.098,1.102,0.325,0.885,0.466,0.486,1.722,2.587,0.56,1.152,0.188
0.305,0.394,0.696,0.445,0.087,0.3,0.795,0.836,0.323,0.82,0.393
0.128,-0.027,0.173,0.207,0.125,0.262,0.542,0.391,0.05,0.526,0.735
-0.054,-0.187,0.23,0.08,0.003,0.035,0.471,0.225,0.049,0.409,0.228
-0.07,-0.201,-0.135,0.194,0.241,-0.072,0.623,0.154,-0.035,0.272,0.176
-0.081,-0.309,0.092,-0.007,0.443,0.096,0.012,0.364,-0.225,0.157,0.275
-0.435,-0.32,0.171,-0.122,-0.277,-0.299,-0.035,0.117,-0.482,-0.146,-0.073
-0.077,-0.394,-0.114,-0.134,-0.133,-0.404,-0.068,0.414,-0.312,-0.015,-0.215
-0.163,-0.345,0.091,-0.155,-0.227,-0.399,-0.42,0.302,-0.048,-0.21,-0.288
-0.153,-0.438,0.2,-0.122,-0.284,-0.319,0.277,0.217,-0.195,-0.157,0.228
0.633,-0.135,0.337,0.201,-0.363,-0.359,-0.48,0.074,-0.324,-0.176,-0.175
0.026,-0.486,0.537,-0.121,-0.158,-0.536,-0.863,0.051,-0.068,-0.342,-0.108
0.154,-0.253,0.52,-0.265,-0.346,-0.523,-0.813,0.221,-0.171,-0.42,-0.419
0.266,-0.324,0.309,-0.185,-0.168,-0.688,-1.124,0.006,0.275,-0.427,-0.207
0.545,-0.158,0.368,-0.176,-0.248,-0.377,-0.602,0.338,0.103,-0.115,-0.455
0.164,0,0.687,-0.562,-0.186,-0.536,-0.954,0.396,0.328,-0.16,-0.102
0.652,0.069,0.748,-0.374,-0.352,-0.518,-0.459,0.284,0.039,-0.194,-0.11
0.194,-0.08,0.606,-0.646,-0.458,-0.8,-0.815,-0.103,-0.409,-0.98,-0.598
1.721,0.559,1.184,0.064,-0.163,1.193,-0.254,1.054,0.287,0.218,0.15
0.891,0.257,1.271,-0.014,-0.263,0.242,-0.367,1.017,0.647,-0.07,-0.196
0.924,0.386,0.861,-0.07,-0.055,0.222,-0.041,0.92,0.213,-0.085,0.03
1.191,0.502,1.229,-0.081,-0.085,0.335,-0.132,0.728,0.22,-0.3,-0.147
1.661,0.547,1.274,0.031,-0.052,0.47,0.236,0.821,0.784,0.148,0.213
3.382,1.758,2.577,1.244,0.98,2.124,1.59,2.625,1.288,2.124,2.054
1.403,0.881,2.303,0.861,0.6,1.324,0.885,1.757,0.554,1.258,1.009
0.839,2.433,3.064,0.838,0.598,0.995,1.377,1.965,0.729,1.151,1.254
0.652,1.291,2.415,0.25,0.532,0.782,1.421,2.223,1.045,0.901,1.448
0.439,0.465,1.51,0.43,0.567,1.517,0.626,1.447,0.09,0.46,0.937
0.295,0.287,1.189,0.136,-0.041,0.329,0.047,1.479,0,0.262,0.55
-0.089,-0.036,0.878,0.014,-0.121,-0.066,0.077,1.24,0.053,0.195,-0.098
-0.329,-0.18,0.976,-0.15,-0.001,-0.116,-0.108,0.812,-0.199,0.231,0.262
0.144,-0.154,0.854,-0.006,0.159,-0.011,0.023,0.793,0.25,0.225,0.262
-0.171,-0.135,0.805,-0.311,-0.098,-0.062,-0.435,0.485,-0.478,0.081,0.534
-0.323,-0.328,0.376,-0.426,-0.406,-0.437,-0.659,0.559,-0.38,-0.087,0.14
-0.297,0.486,0.712,-0.247,-0.443,-0.378,-0.297,0.428,-0.01,0.127,0.136
-0.329,0.405,0.672,-0.196,-0.327,-0.24,-0.04,0.654,-0.373,0.232,0.267
0.504,-0.077,1.139,-0.053,0.004,0.166,-0.17,0.75,-0.32,0.536,0.45
-0.081,-0.331,0.969,-0.369,-0.303,0.196,-0.316,0.684,-0.23,0.194,0.556
-0.028,-0.235,0.786,-0.31,-0.22,-0.168,-0.334,0.327,-0.703,0.07,0.263
0.221,-0.377,0.78,-0.462,-0.366,-0.143,-0.377,0.502,-0.232,0.097,-0.229
0.059,-0.478,0.576,-0.481,-0.358,-0.357,-0.376,0.188,-0.225,0.129,-0.241
-0.26,-0.31,0.528,-0.496,-0.574,-0.089,-0.274,0.351,-0.512,0.061,-0.061
-0.127,-0.494,0.08,-0.431,-0.581,-0.134,-0.258,0.357,0.064,0.043,0.303
-0.084,-0.4,0.586,-0.529,-0.218,-0.16,-0.317,0.317,-0.167,0.056,-0.143
-0.214,-0.492,0.508,-0.018,-0.097,-0.162,-0.042,0.46,-0.176,0.223,-0.121
0.085,-0.44,0.443,-0.102,-0.297,-0.085,-0.066,0.575,-0.265,0.438,-0.152
0.029,-0.371,0.523,0.062,-0.275,-0.02,0.301,0.519,-0.441,0.45,0.105
0.138,-0.307,0.375,-0.078,-0.395,0.434,0.209,0.328,-0.308,0.378,0.22
0.306,-0.136,0.323,-0.011,-0.02,0.614,0.18,0.455,-0.251,0.576,0.071
0.733,0.081,0.698,0.232,0.028,0.576,0.279,0.491,-0.088,0.645,0.653
0.699,-0.116,0.542,0.048,-0.228,0.414,0.277,0.264,0.062,0.774,0.262
-0.193,-0.163,0.446,-0.136,-0.154,0.024,0.031,0.421,0.104,0.413,-0.421
-0.441,-0.422,0.274,-0.165,0.049,0.171,-0.233,0.249,-0.275,0.248,-0.208
-0.324,-0.343,0.34,-0.003,-0.228,0.451,-0.183,0.612,-0.023,0.344,-0.113
-0.398,-0.549,0.046,-0.307,-0.334,0.491,-0.36,0.629,0.186,0.273,0.008
-0.408,-0.587,0.198,-0.109,-0.392,1.046,-0.458,0.602,0,0.331,0.053
-0.48,-0.279,0.018,-0.528,-0.437,-0.106,-0.543,0.255,-0.581,0.078,-0.225
-0.375,-0.44,0.106,-0.268,-0.457,0.016,-0.536,0.263,-0.155,0.134,-0.569
-0.55,-0.507,0.092,-0.232,-0.439,0.035,-0.696,0.333,0.161,-0.035,-0.594
-0.329,-0.446,0.122,-0.321,-0.27,0.936,-0.65,0.183,-0.12,0.09,-0.369
-0.557,-0.539,0.027,-0.361,-0.474,-0.031,-0.996,0.059,-0.298,-0.064,-0.505
-0.518,-0.552,-0.09,-0.477,-0.393,-0.089,-0.724,0.053,-0.262,-0.085,-0.32
0.132,-0.565,0.245,-0.356,-0.255,-0.047,-0.698,-0.048,-0.183,-0.026,-0.334
-0.296,-0.661,0.336,-0.522,-0.306,-0.299,-0.438,-0.111,-0.064,0.053,0.071
-0.123,-0.482,0.625,-0.465,-0.359,0.052,-0.378,-0.004,0.181,0.09,-0.075
-0.189,-0.571,0.641,-0.397,-0.271,-0.337,-0.499,-0.084,-0.606,0.138,-0.345
0.102,-0.377,0.2,-0.436,-0.139,-0.07,-0.557,0.12,-0.048,0.233,-0.042
-0.248,-0.457,0.322,-0.582,-0.28,-0.297,-0.588,0.101,-0.468,0.127,-0.056
0.434,-0.22,0.653,-0.451,-0.33,-0.179,-0.476,0.169,-0.381,0.473,0.047
-0.163,-0.528,0.495,-0.48,-0.6,-0.541,-0.929,-0.072,-0.246,-0.447,-0.791
1.218,-0.066,0.484,0.148,-0.215,-0.072,-0.303,0.452,0.113,0.818,-0.098
0.396,-0.258,0.667,-0.254,-0.32,-0.105,-0.768,0.221,-0.474,0.444,-0.1
0.266,-0.026,0.603,-0.047,-0.142,-0.203,-0.397,0.232,-0.127,0.346,-0.117
0.943,0.164,0.705,-0.13,-0.184,0.034,-0.602,0.445,0.331,0.152,-0.36
1.318,0.494,0.98,0.175,-0.126,0.712,0.355,0.359,0.758,0.621,-0.234
2.256,0.645,1.234,0.826,0.283,1.183,0.521,0.99,0.717,1.657,0.619
1.188,0.285,1.179,0.714,0.182,0.494,0.081,0.735,0.467,1.386,0.354
0.229,0.318,1.164,0.123,-0.272,0.351,0.316,1.162,0.317,0.807,0.546
0.276,0.439,1.219,-0.039,0.278,0.047,0.266,1.252,0.326,0.83,0.614
0.091,0.109,0.576,-0.16,0.08,0.139,0.016,0.99,-0.183,0.349,0.377
-0.23,-0.06,0.401,-0.265,-0.289,-0.246,-0.123,0.5,-0.595,0.014,-0.03
-0.392,-0.139,0.398,-0.263,-0.569,-0.108,-0.579,0.5,-0.239,-0.192,-0.398
-0.502,-0.125,0.704,-0.434,-0.542,-0.204,-0.391,0.304,-0.428,-0.192,-0.44
-0.2,-0.362,0.611,-0.43,-0.271,0.035,-0.577,0.425,-0.655,-0.249,-0.727
-0.45,-0.49,0.194,-0.602,-0.408,-0.255,-0.754,0.093,-0.54,-0.345,-0.566
-0.632,-0.653,0.214,-0.623,-0.339,1.468,-0.797,0,-0.558,-0.299,-0.455
-0.598,-0.72,0.429,-0.542,-0.268,2.738,-0.733,0.015,-0.596,-0.264,-0.143
-0.667,-0.726,0.18,-0.435,-0.753,0.194,-1.07,-0.047,-0.547,-0.308,-0.563
-0.008,-0.662,0.293,-0.663,-0.463,-0.317,-0.989,0.127,-0.508,-0.215,-0.259
-0.182,-0.794,-0.109,-0.66,-0.719,-0.47,-0.752,-0.06,-0.529,-0.011,-0.215
-0.18,-0.591,0.135,-0.693,-0.349,-0.778,-0.911,0.027,-0.378,-0.085,-0.078
-0.509,-0.757,0.001,-0.799,-0.466,-0.65,-1.129,0.094,-0.567,-0.172,-0.622
-0.442,-0.827,0.194,-0.751,-0.765,-0.612,-1.169,-0.041,-0.475,-0.121,-0.517
-0.583,-0.968,-0.306,-0.844,-0.906,-0.652,-1.197,0.261,-0.824,-0.043,-0.332
-0.536,-0.89,-0.164,-0.76,-0.867,-0.615,-1.007,-0.107,-0.452,0.023,-0.399
-0.396,-0.948,-0.298,-1.059,-0.776,-0.725,-0.615,-0.092,-0.472,0.077,-0.502
-0.589,-0.821,-0.07,-0.753,-0.578,-0.397,-0.961,0.154,-0.414,0.036,-0.223
-0.127,-0.839,-0.242,-0.811,-0.604,-0.433,-0.885,0.06,-0.416,0.34,-0.247
-0.234,-0.886,-0.256,-0.665,-0.736,-0.449,-0.637,-0.157,-0.448,0.311,-0.03
-0.182,-0.796,-0.377,-0.644,-0.689,-0.12,-0.472,-0.055,-0.372,0.436,0.173
-0.187,-0.573,-0.339,-0.497,-0.559,0.024,-0.689,-0.049,-0.287,0.574,0.203
0.452,-0.37,-0.192,-0.152,-0.148,0.318,-0.117,0.264,-0.252,0.466,0.532
0.568,-0.211,-0.209,-0.433,-0.554,0.022,-0.254,0.339,-0.537,0.926,0.343
-0.444,-0.147,-0.067,-0.402,-0.689,-0.267,-0.296,0.195,-0.626,0.76,0.171
-0.69,-0.452,-0.345,-0.504,-0.522,-0.484,-0.382,0.218,-0.525,0.73,-0.125
-0.626,-0.487,-0.14,-0.412,-0.641,-0.349,-0.592,0.234,-0.635,0.84,-0.081
-0.648,-0.801,-0.224,-0.591,-0.731,-0.78,-0.668,0.107,-0.734,0.667,-0.307
-0.7,-0.679,-0.191,-0.848,-0.829,-0.522,-0.825,0.088,-0.431,0.742,-0.192
-0.694,-0.769,-0.174,-0.825,-0.804,-0.742,-0.865,0.051,-0.419,0.668,-0.266
-0.72,-0.716,-0.312,-0.812,-0.879,0.922,-1.279,0.132,-0.54,0.369,-0.397
-0.807,-0.73,-0.319,-0.808,-0.659,-0.678,-1.14,0.019,-0.386,0.256,-0.359
-0.536,-0.728,-0.038,-0.758,-0.829,-0.864,-1.451,-0.11,-0.43,0.388,-0.2
-0.772,-0.808,-0.264,-0.818,-0.855,-0.878,-1.46,-0.136,-0.423,0.226,-0.343
-0.816,-1.043,-0.364,-0.824,-1.014,-0.908,-1.639,-0.018,-0.548,0.249,-0.399
